step,from_state,to_state,prob,rng
0,G,A,0.38461538461538464,0.025010755222666936
1,A,C,0.4,0.27502931836911926
2,C,C,0.1,0.22321073814882275
3,C,G,0.6,0.7364712141640124
4,G,C,0.3076923076923077,0.6766994874229113
5,C,G,0.6,0.8921795677048454
6,G,A,0.38461538461538464,0.08693883262941615
7,A,C,0.4,0.4219218196852704
8,C,A,0.2,0.029797219438070344
9,A,C,0.4,0.21863797480360336
10,C,G,0.6,0.5053552881033624
11,G,A,0.38461538461538464,0.026535969683863625
12,A,C,0.4,0.1988376506866485
13,C,G,0.6,0.6498844377795232
14,G,C,0.3076923076923077,0.5449414806032167
15,C,C,0.1,0.2204406220406967
16,C,G,0.6,0.5892656838759087
17,G,G,0.15384615384615385,0.8094304566778266
18,G,A,0.38461538461538464,0.006498759678061017
19,A,T,0.26666666666666666,0.8058192518328079
20,T,G,0.18181818181818182,0.6981393949882269
21,G,A,0.38461538461538464,0.3402505165179919
22,A,C,0.4,0.15547949981178155
23,C,T,0.1,0.9572130722067812
24,T,A,0.5454545454545454,0.33659454511262676
25,A,A,0.13333333333333333,0.09274584338014791
26,A,A,0.13333333333333333,0.09671637683346401
27,A,T,0.26666666666666666,0.8474943663474598
28,T,G,0.18181818181818182,0.6037260313668911
29,G,G,0.15384615384615385,0.8071282732743802
30,G,G,0.15384615384615385,0.7297317866938179
31,G,C,0.3076923076923077,0.5362280914547007
32,C,T,0.1,0.9731157639793706
33,T,A,0.5454545454545454,0.3785343772083535
34,A,G,0.2,0.552040631273227
35,G,G,0.15384615384615385,0.8294046642529949
36,G,C,0.3076923076923077,0.6185197523642461
37,C,G,0.6,0.8617069003107772
38,G,C,0.3076923076923077,0.577352145256762
39,C,G,0.6,0.7045718362149235
40,G,A,0.38461538461538464,0.045824383655662215
41,A,C,0.4,0.22789827565154686
42,C,C,0.1,0.28938796360210717
43,C,A,0.2,0.0797919769236275
44,A,C,0.4,0.23279088636103018
45,C,A,0.2,0.10100142940972912
46,A,C,0.4,0.2779736031100921
47,C,G,0.6,0.6356844442644002
48,G,A,0.38461538461538464,0.36483217897008424
