{
  "alphabet": [
    "A",
    "C",
    "G",
    "T"
  ],
  "sequence_length": 50,
  "order0": {
    "A": 0.3,
    "C": 0.22,
    "G": 0.26,
    "T": 0.22
  },
  "order1": {
    "A": {
      "A": 0.13333333333333333,
      "C": 0.4,
      "G": 0.2,
      "T": 0.26666666666666666
    },
    "C": {
      "A": 0.2,
      "C": 0.1,
      "G": 0.6,
      "T": 0.1
    },
    "G": {
      "A": 0.38461538461538464,
      "C": 0.3076923076923077,
      "G": 0.15384615384615385,
      "T": 0.15384615384615385
    },
    "T": {
      "A": 0.5454545454545454,
      "C": 0.0,
      "G": 0.18181818181818182,
      "T": 0.2727272727272727
    }
  },
  "order1_matrix": [
    [
      0.13333333333333333,
      0.4,
      0.2,
      0.26666666666666666
    ],
    [
      0.2,
      0.1,
      0.6,
      0.1
    ],
    [
      0.38461538461538464,
      0.3076923076923077,
      0.15384615384615385,
      0.15384615384615385
    ],
    [
      0.5454545454545454,
      0.0,
      0.18181818181818182,
      0.2727272727272727
    ]
  ],
  "matrix_convention": "rows=current, cols=next (A,C,G,T)"
}